Workbook

Sheet Overview Dashboard
B2: DEXTRA MANAGEMENT CONSOLE & PROGRESS DASHBOARD
C4: TOTAL BACKLOG TASKS | F4: COMPLETED TASK ITEMS | I4: PROJECT COMPLETION PROGRESS | L4: ACTIVE QA TICKETS | O4: Developer | P4: Total Days | R4: Status | S4: Count
C5: ='Trello Board & Tasks'!C5 | F5: ='Trello Board & Tasks'!C6 | I5: ='Trello Board & Tasks'!C7 | L5: =COUNTIF('Bug Tracker & QA Logs'!F$5:F$15, "Open") | O5: Salman | P5: =SUMIFS('Trello Board & Tasks'!J$12:J$21, 'Trello Board & Tasks'!C$12:C$21, "Salman") | R5: To Do | S5: =COUNTIF('Trello Board & Tasks'!B$12:B$21, "To Do")
O6: Logesh | P6: =SUMIFS('Trello Board & Tasks'!J$12:J$21, 'Trello Board & Tasks'!C$12:C$21, "Logesh") | R6: In Progress | S6: =COUNTIF('Trello Board & Tasks'!B$12:B$21, "In Progress")
O7: Muthamil | P7: =SUMIFS('Trello Board & Tasks'!J$12:J$21, 'Trello Board & Tasks'!C$12:C$21, "Muthamil") | R7: Done | S7: =COUNTIF('Trello Board & Tasks'!B$12:B$21, "Done")
O8: Godfrey | P8: =SUMIFS('Trello Board & Tasks'!J$12:J$21, 'Trello Board & Tasks'!C$12:C$21, "Godfrey")
B21: Done

Sheet Trello Board & Tasks
A2: DEXTRA PROJECT TASK ALLOTMENT BOARD
B4: BOARD METRICS
B5: Total Tasks | C5: =COUNTA(A12:A22)
B6: Completed Tasks | C6: =COUNTIF(G12:G22, TRUE)
B7: Progress % | C7: =IF(C5>0, C6/C5, 0)
A11: Task ID | B11: Board Column | C11: Owner | D11: Module | E11: Responsibilities & Tasks | F11: Primary Files | G11: Completed? | H11: Start Date | I11: End Date | J11: Duration (Days) | K11: Helper Test Cases
A12: T00 | B12: Done | C12: Harihar R | D12: System Ideation & Concept | E12: Conceived initial gesture-driven control concept, system requirements, and core architectural vision. | F12: README.md, DEXTRA_Proposal.pptx | G12: TRUE | H12: 46193 | I12: 46198
A13: T01 | B13: Done | C13: Mohamed Salman P | D13: Camera Feed & Preprocessing | E13: Initialize camera index capture stream using OpenCV; crop, mirror, and scale frames matching MediaPipe requirements. | F13: python/camera.py | G13: TRUE | H13: 46199 | I13: 46200 | J13: =I12-H12 | K13: Confirm VideoCapture opens device and releases locks cleanly.
A14: T02 | B14: Done | C14: Mohamed Salman P | D14: MediaPipe Landmark Tracker | E14: Run MediaPipe Hands model; detect and extract normalized coordinate array points for 21 landmarks. | F14: python/gesture_engine.py | G14: TRUE | H14: 46201 | I14: 46203 | J14: =I13-H13 | K14: Verify tracking execution loop runs locally and outputs [0.0, 1.0] float coords.
A15: T03 | B15: Done | C15: Mohamed Salman P | D15: Mouse Execution Mapper | E15: Apply NumPy coordinate interpolation and moving average filter; execute clicks, scrolls, and drags via PyAutoGUI. | F15: python/gesture_mapping.py | G15: TRUE | H15: 46201 | I15: 46203 | J15: =I14-H14 | K15: Test boundary coords (0 to screen width/height); verify cooldown prevents duplicate clicks; verify open palm freeze.
A16: T04 | B16: Done | C16: Logesh M | D16: Wakeword Detector | E16: Record background sound blocks using sounddevice; scan audio blocks for 'DEXTRA' custom activation keyword. | F16: python/voice_wakeword.py | G16: TRUE | H16: 46204 | I16: 46206 | J16: =I15-H15 | K16: Verify microphone initialization and background ambient noise calibration.
A17: T05 | B17: Done | C17: Logesh M | D17: Hugging Face Transcriber | E17: Load Hugging Face transformers pipeline (Whisper-tiny); decode audio stream buffers into text commands. | F17: python/voice_engine.py | G17: TRUE | H17: 46204 | I17: 46206 | J17: =I16-H16 | K17: Verify model imports and downloads locally; verify audio file segment STT translates in <500ms.
A18: T06 | B18: Done | C18: Logesh M | D18: Voice Command Mapper | E18: Map transcribed text keywords to PyAutoGUI key hotkeys (e.g. 'copy' triggers Ctrl+C). | F18: python/voice_mapping.py | G18: TRUE | H18: 46207 | I18: 46208 | J18: =I17-H17 | K18: Verify spoken navigation string matches mapped key command; test error logs for invalid words.
A19: T07 | B19: Done | C19: Muthamil V | D19: Config Database Manager | E19: Thread-safe read and write operations persisting parameters to settings.json and custom_gestures.json. | F19: python/config.py | G19: TRUE | H19: 46199 | I19: 46200 | J19: =I18-H18 | K19: Confirm configuration values fall within target boundaries; test concurrent writes locks.
A20: T08 | B20: Done | C20: Muthamil V | D20: FastAPI Backend GUI Server | E20: Serve settings endpoints; host WebSocket feed streaming annotated JPEG frames; launch interactive menu CLI. | F20: python/gui_server.py, python/main.py | G20: TRUE | H20: 46207 | I20: 46208 | J20: =I19-H19 | K20: Verify FastAPI initializes port 8000; verify GET/POST endpoints; test WebSocket connection disconnect recovery.
A21: T09 | B21: Done | C21: Godfrey T R | D21: React Settings GUI Console | E21: Build dark themed sliders/toggles to configure thresholds, camera indices, and custom wakewords. | F21: Frontend/ | G21: TRUE | H21: 46199 | I21: 46200 | J21: =I20-H20 | K21: Verify Vite local dev server runs on port 5173; verify forms state bindings to FastAPI REST schema.
A22: T10 | B22: Done | C22: Godfrey T R | D22: Gesture Trainer Console | E22: Develop HTML5 Canvas canvas drawing annotated WebSocket image streams; capture coordinates for custom gestures. | F22: Frontend/ | G22: TRUE | H22: 46209 | I22: 46210 | J22: =I21-H21 | K22: Verify Canvas renders streams smoothly at 30 FPS; verify save forms upload JSON structure.

Sheet Developer Worklogs
A2: DEXTRA DAILY WORKLOGS - LIVE UPDATES
A4: Log ID | B4: Date | C4: Developer | D4: Task ID Reference | E4: Daily Work Details / Progress | F4: Hours Logged | G4: Status Update
A5: L00 | B5: 46198 | C5: Harihar R | D5: T00 | E5: Conceived DEXTRA system architecture, touchless gesture control paradigm, and project scope. | F5: 8hrs | G5: Done
A6: L01 | B6: 46199 | C6: Mohamed Salman P | D6: T01 | E6: Initialized camera capture stream using OpenCV; implemented frame cropping, mirroring, and scaling. | F6: 4hrs | G6: Done
A7: L02 | B7: 46199 | C7: Muthamil V | D7: T07 | E7: Built thread-safe Config Manager persisting settings and custom gestures to JSON storage. | F7: 3hrs | G7: Done
A8: L03 | B8: 46200 | C8: Godfrey T R | D8: T09 | E8: Built React Settings GUI console with real-time controls for thresholds, camera indices, and wakewords. | F8: 4hrs | G8: Done
A9: L04 | B9: 46201 | C9: Mohamed Salman P | D9: T02 | E9: Implemented MediaPipe Hands model landmark tracker extracting 21 3D normalized coordinates. | F9: 5hrs | G9: Done
A10: L05 | B10: 46202 | C10: Mohamed Salman P | D10: T03 | E10: Created mouse execution mapper with NumPy coordinate smoothing and PyAutoGUI click/scroll actions. | F10: 5hrs | G10: Done
A11: L06 | B11: 46204 | C11: Logesh M | D11: T04 | E11: Configured sounddevice background sound recording and ambient noise calibrated wakeword engine. | F11: 4hrs | G11: Done
A12: L07 | B12: 46205 | C12: Logesh M | D12: T05 | E12: Integrated Hugging Face Whisper-tiny transformer pipeline STT speech-to-text decoder. | F12: 6hrs | G12: Done
A13: L08 | B13: 46206 | C13: Godfrey T R | D13: T09 | E13: Refined UI dark-themed design system, slider components, and REST API state bindings. | F13: 3hrs | G13: Done
A14: L09 | B14: 46207 | C14: Godfrey T R | D14: T10 | E14: Developed Gesture Trainer UI canvas with live WebSocket streaming & custom gesture coordinate capture. | F14: 4hrs | G14: Done
A15: L10 | B15: 46207 | C15: Logesh M | D15: T06 | E15: Mapped transcribed voice command keywords to PyAutoGUI OS hotkeys. | F15: 4hrs | G15: Done
A16: L11 | B16: 46208 | C16: Muthamil V | D16: T08 | E16: Built FastAPI REST backend & WebSocket endpoints streaming annotated JPEG frames and trainer data. | F16: 6hrs | G16: Done
... A18: L13 | B18: 46226 | C18: Mohamed Salman P | D18: T02/B03 | E18: Resolved MediaPipe clearcut telemetry upload connection errors (Status_ConnectFailed: 12029). | F18: 3hrs | G18: Done

Sheet Bug Tracker & QA Logs
A2: DEXTRA QA BUG TRACKER & TICKETS
A4: Bug ID | B4: Target Module | C4: Severity | D4: Bug Description | E4: Assigned Owner | F4: Status | G4: Date Opened | H4: Date Closed | I4: Resolution Notes
A5: B01 | B5: python/camera.py | C5: Medium | D5: OpenCV VideoCapture camera resource locking on server restart causing frame capture freeze. | E5: Mohamed Salman P | F5: Closed | G5: 46201 | H5: 46201 | I5: Added try-finally cleanup blocks and explicit camera.release() calls on stream shutdown.
A6: B02 | B6: python/gui_server.py | C6: High | D6: FastAPI WebSocket stream disconnect error on /trainer/stream when client closes connection. | E6: Muthamil V | F6: Closed | G6: 46225 | H6: 46226 | I6: Handled WebSocketDisconnect exception gracefully and added client connection manager to prevent crashing worker tasks.
A7: B03 | B7: python/gesture_engine.py | C7: Medium | D7: MediaPipe clearcut telemetry upload failures (Status_ConnectFailed: 12029) due to restricted network. | E7: Mohamed Salman P | F7: Closed | G7: 46225 | H7: 46226 | I7: Disabled Clearcut telemetry background uploads via environment configuration and suppressed offline warnings.
A8: B04 | B8: python/gesture_mapping.py | C8: High | D8: Mouse cursor jitter and accidental double-clicks during fast hand movements. | E8: Mohamed Salman P | F8: Closed | G8: 46205 | H8: 46206 | I8: Implemented Exponential Moving Average (EMA) smoothing filter (alpha=0.35) and added click cooldown timer.
A9: B05 | B9: python/voice_wakeword.py | C9: Medium | D9: High CPU utilization and audio buffer overflow during continuous background sound recording. | E9: Logesh M | F9: Closed | G9: 46206 | H9: 46207 | I9: Optimized sounddevice blocksize to 1024 samples and implemented ring buffer queue processing.
A10: B06 | B10: Git Repository | C10: Low | D10: Default tracking branch misalignment and orphan remote tracking branch theoriongd on GitHub. | E10: Godfrey T R | F10: Closed | G10: 46226 | H10: 46226 | I10: Updated local remote HEAD to dextra branch and deleted obsolete theoriongd branch remotely.
